batch,sub_batch,file,file_sample_size,file_size,cell_id,Phenograph_Leiden,UMAP1,UMAP2,Phenograph_Leiden_sub,TCF1,CD27,CCR7,CD127,CD45RA,CD122,CD95,CD45RO,CD57,GZMB,HLADR,LAG3,CD39,PD1,TIGIT,TIM3,CD25,CD69,CD70,EGFRt,type,PTID,gate
PEAK,PEAK_3,LOW_X579_CD8 EGFRt,74,74,2105,1,3.0648533650246,4.411843093503472,2,2.486950466811321,3.5945633021775945,2.1854810113590477,1.8070124415580016,0.3499684425721138,0.09409873444177094,2.446044996457452,2.7037261844907614,3.4834131861066093,0.6370742144764932,0.769709202637813,2.345459676007722,-0.2967484773149271,1.347654230394045,1.25914316015698,1.23606367404472,0.8407183355187101,-0.4775381921132599,0.2334885572565462,2.5591928095637058,LOW,X579,CD8 EGFRt
PEAK,PEAK_3,LOW_X579_CD8 EGFRt,74,74,2513,1,2.089176947673831,4.763844283689019,2,2.207697051268487,3.2779514663326825,1.693431109332966,1.8399598330391191,0.35636202574681286,0.3348868662951131,1.5830047384331414,2.698343817954919,4.243740274313032,1.6419934562558984,1.43390599520134,2.5481998651017164,0.5432377674943691,1.0427656520951394,0.39868605872683394,0.8587007970983231,-0.7026822605428825,0.2663187651799964,0.2204660038758993,2.807837170090635,LOW,X579,CD8 EGFRt
PEAK,PEAK_3,LOW_X579_CD8 EGFRt,74,74,1415,1,2.8349155732002593,3.555984290708062,2,2.347296581411084,2.987073765788466,1.2100457406822518,1.5315396140020436,-0.227152590172903,0.32601218798259046,2.3003060952665564,2.2194893916079534,2.245840700074428,0.2120216865567283,1.0767395033466531,1.6912162217801212,1.663012137027326,0.8036491077523864,0.8265070852345212,1.3943776365542742,0.5659383507322051,-0.4122298813650143,-0.234990736492588,2.713236567636488,LOW,X579,CD8 EGFRt
PEAK,PEAK_3,LOW_X579_CD8 EGFRt,74,74,3213,1,2.9843115158882476,4.356165679563042,2,2.7278106329041076,3.726111835006037,1.738865771897098,1.562926097986356,0.6800966507046103,0.4092473821902268,2.0022642287093877,2.0505885516435773,3.338224483748747,1.3513600412562865,0.7783273214431401,2.082218090563058,0.44414613120354496,1.50905166413882,0.997664773640297,1.9627414276494457,0.00441365954773344,-1.0061787886928617,-0.01362029782947451,2.902647277260513,LOW,X579,CD8 EGFRt
PEAK,PEAK_3,LOW_X579_CD8 EGFRt,74,74,7413,1,2.833217556079898,4.625996383298394,2,2.6394888285046543,3.591736375555398,1.8034682055557636,1.9807749318056809,0.11351969101445412,0.00833875624301394,2.311174678032113,2.3363557499469065,4.522435990045024,1.362548897212259,1.779204565529871,2.602362568027497,0.3586233012375629,1.0354548783576636,0.7370825191208903,2.088743108548061,0.1415827341687439,-0.21047762421643124,-0.05740355056723752,3.947841894227395,LOW,X579,CD8 EGFRt
PEAK,PEAK_3,LOW_X579_CD8 EGFRt,74,74,7103,1,1.304634744724307,4.289986880887505,1,0.938617558963024,3.0352203604387653,0.9190519133862228,1.4813721872808645,-0.06239614240202923,0.39440467963210424,2.2591340623069396,2.3128193303864877,3.984362661514755,2.8357505632525135,1.34737655326786,1.724053687726404,0.8887160272116963,1.2232390015003332,0.18887754798837203,0.17199338885649168,-0.01781693987804297,-1.2773021346692306,0.17133145856561594,2.4311830580657263,LOW,X579,CD8 EGFRt
PEAK,PEAK_3,LOW_X579_CD8 EGFRt,74,74,5513,1,2.028959686359439,4.3081624828467335,4,2.1062451943071614,3.471718494082924,-0.18286314228955117,1.612924093891127,0.3796854310867514,0.29536941671925465,2.069977240541647,2.4839683925576717,3.5386613990759157,1.9087786561261595,1.4189945881438262,2.206724876255992,0.9377724659262446,1.209469455477072,0.9582371634249984,1.105005636311065,0.36208299731700144,-0.8276143542699176,-0.04195459841887825,2.9342150472138497,LOW,X579,CD8 EGFRt
PEAK,PEAK_3,LOW_X579_CD8 EGFRt,74,74,2214,1,2.0395438023414947,4.936294349301812,9,2.712633077206059,2.530164681519796,1.274124724212245,0.6886084232638838,0.10045651200966856,0.11522763139322188,1.656484912988449,2.1118836067204825,4.681780876442062,0.2271033291520738,0.44041959071445014,1.875677344275684,0.34138452479109016,-0.16731856893275032,1.5626020138776846,1.3193118055587116,0.12248202537430368,-0.19283624685952813,0.09199798750143506,2.693925640487671,LOW,X579,CD8 EGFRt
PEAK,PEAK_3,LOW_X579_CD8 EGFRt,74,74,5615,1,2.364471847614322,4.2541978679785695,7,2.817063993546022,3.3321669398056395,1.8022098290192192,1.4930833824161118,-0.16369276081485615,0.5545657734382546,1.92760838616931,2.337553842336711,3.8738875322586575,2.0154827403022013,1.5696600960645584,2.650176371718873,0.7194608716130279,1.6580341462853423,1.458622247935842,1.0231693995340478,0.4235773081160686,-1.299867578092469,0.19564787524286023,2.2699563992404705,LOW,X579,CD8 EGFRt
PEAK,PEAK_3,LOW_X579_CD8 EGFRt,74,74,5913,1,2.0745958634224273,3.616539033521173,11,2.7167101238189044,3.8096214826633097,1.5735462061183167,1.798903272437607,0.2435048607895685,-0.3856980515880039,2.6027328397928247,2.5467124758664617,2.5499049063579315,3.500815609196862,1.4024756255041917,2.96773648580774,0.9004986384388656,1.4387295109774827,0.0740177455878959,1.642604775228872,2.161739370127941,-1.5525759516688729,0.08704154743398261,3.1290185974734324,LOW,X579,CD8 EGFRt
PEAK,PEAK_3,LOW_X579_CD8 EGFRt,74,74,7313,1,3.167640621265445,4.320513995755669,4,2.420232664036934,3.3842143332723653,1.990260928607872,1.9381869044684843,0.16487882158957262,-0.11283380374670286,2.2035485620768145,2.519096787014608,3.2913519153990243,0.04676815622503245,1.67664339863917,2.904914134585892,1.9547715985085876,0.42553992519939543,1.3990539882882078,1.811878057616157,1.0740006417571424,-0.7987709593549739,-0.13545606908727048,3.4084711227706768,LOW,X579,CD8 EGFRt
PEAK,PEAK_3,LOW_X579_CD8 EGFRt,74,74,4514,1,1.8988073416557645,4.036616119016167,8,2.6288776388792052,3.0402074666472796,1.8617010526328108,1.2996083333771895,0.3241157701055519,0.9362912118009408,2.0257353292437257,2.2273012697434966,3.5964999371289905,2.5668938956455007,0.8267273684830337,2.5213668095360715,-0.454423427817468,1.4171122128700426,1.5191267025638089,1.0319431025262835,0.5976178423985912,-1.0563121532762036,0.3826907486717002,3.598919747133902,LOW,X579,CD8 EGFRt
PEAK,PEAK_3,LOW_X579_CD8 EGFRt,74,74,1515,1,2.329158718189273,3.2332494579443902,5,2.1372674691881186,3.097552265903738,1.1200723856412786,1.5458192129461084,-0.11580866544529536,0.13139651192399585,2.302725572956567,2.0538975646142528,1.886111118438944,0.6129640365012946,0.7587092480279651,1.964437223608139,1.7261893128082242,0.5963000597122916,1.046465213195513,0.6946241135142193,0.5844185993209896,-0.8453162872724875,-0.02136976478206495,3.8429003620912146,LOW,X579,CD8 EGFRt
PEAK,PEAK_3,LOW_X579_CD8 EGFRt,74,74,853,1,3.191751653751407,3.977412971127984,2,3.2674863052547733,3.287883983958715,0.6487366198253869,0.9720940462532196,0.0930723486528824,-0.2266393387287762,2.4668306721626556,3.090703081153011,2.4311051420480285,0.33759633754464313,1.9864149728917004,2.49829748820348,0.9263638545257762,2.0319141342472404,1.1599401865653378,2.018739025283696,1.2196640027680106,-1.4183514237550154,0.21199943760623968,3.7039970250781016,LOW,X579,CD8 EGFRt
PEAK,PEAK_3,LOW_X579_CD8 EGFRt,74,74,6113,1,2.8186358757820464,4.6474263988623585,2,2.487742765885691,3.637508377726392,2.209203113413369,1.1409906230845372,1.048415863231999,0.00805543484517533,1.926183940024879,2.7743881848737204,4.872054438749112,0.715360405389509,2.2486747464030956,2.1175394803011955,0.23057000820711648,1.8458310223359,0.9603452647580034,1.1744902716066077,0.9217228418493666,-0.49175880957985874,0.26601740024942566,3.394208259699566,LOW,X579,CD8 EGFRt
PEAK,PEAK_3,LOW_X579_CD8 EGFRt,74,74,6613,1,2.113403970798526,3.9315879665503473,3,2.3635275725101614,3.0356759070609556,0.24639494093450348,1.801721961545497,0.6553745656929901,-0.09803474105822636,2.6611093022572456,2.5273119525588936,2.738764059665823,2.4725259939683255,2.2770459949745527,1.5943609865087862,1.7133039242984534,1.1388285658934176,0.5687407386690374,-0.243713839061166,-0.2561472254294582,-1.2608467978858415,-0.12639981502771086,3.429619339204598,LOW,X579,CD8 EGFRt
PEAK,PEAK_3,LOW_X579_CD8 EGFRt,74,74,4714,1,2.8153912373390533,4.564628394711968,2,2.797944263238169,3.2388797485438188,1.7129451676695608,1.4816208488224762,0.8745311591412536,0.69964501510903,1.9063007525379776,2.685138030506935,4.6382027018200205,1.243457696609649,1.544626364797295,2.533911972269182,0.37766247405851744,1.7185370301493743,1.51198295633029,1.1932572302130755,0.5192416552343992,-1.052340934982253,-0.20993847820257724,3.1607041331927057,LOW,X579,CD8 EGFRt
PEAK,PEAK_3,LOW_X579_CD8 EGFRt,74,74,3814,1,2.222364718517337,4.807569297421929,9,2.1201865558592567,3.035099158678288,1.3623194112067845,0.9718410358407334,0.3821806562890496,0.4685792418601209,1.697434216463087,2.462503370650364,3.634653955017108,0.35926538085886484,1.0001457478236055,1.3072392812937064,0.7759553107343805,0.11063883120140762,1.2442553111281178,-0.3067326287914949,-0.01304362217427208,-0.5929868163916665,-0.1885153478562163,2.3268841226773724,LOW,X579,CD8 EGFRt
PEAK,PEAK_3,LOW_X579_CD8 EGFRt,74,74,4413,1,3.155532533725772,4.026155742276665,2,2.848512800404957,3.502909735517119,1.3040441573010193,2.107372688623564,-0.4532809498638644,0.4439793731413243,2.2354254665090267,2.3690174221440685,2.8597062042222823,0.5250100561265999,1.2588323335359008,1.823093532921192,1.1401402100602973,1.2281431006464083,1.741991997423241,1.7230990720517407,0.7519665475402333,-0.8991201526287625,-0.00105470363613064,2.6193178131987835,LOW,X579,CD8 EGFRt
PEAK,PEAK_3,LOW_X579_CD8 EGFRt,74,74,4014,1,3.0676738568153716,4.395767959226128,2,2.3776426908197816,3.6826515052530433,2.0571754656931667,2.0493936235138004,0.6043130765615571,0.1233956825256081,1.826452984349166,2.7488845615620976,3.468047948623062,0.7607327298185595,1.3646111461906092,2.678046148106391,-0.17353141411097653,0.3242518083149922,1.280356670478569,1.7430437438754722,0.15773987829079356,-0.8313378519273836,-0.14924853219908427,2.7035264549020765,LOW,X579,CD8 EGFRt
PEAK,PEAK_3,LOW_X579_CD8 EGFRt,74,74,5103,1,1.9947927542534207,3.8943879924902887,8,1.738501263290337,3.530628900047498,2.0786212036284826,1.9160705891027616,0.7632960227605169,1.047600790811044,2.633761400384999,2.3901293407304514,3.6261175360858737,3.1861121584059133,1.6610961108788,3.167885475120962,-0.07654032564522954,0.6958470169110031,0.24189622127398216,1.8566214629386928,0.5966524870905598,-1.106688988342968,0.11121141071500427,3.7326855567173016,LOW,X579,CD8 EGFRt
PEAK,PEAK_3,LOW_X579_CD8 EGFRt,74,74,916,1,2.8308104821052886,4.173977168668267,4,2.514770198385553,2.652169170483365,0.1820383239267459,1.0980998240233926,0.1354497641010649,0.2296982965126966,2.746055723117218,2.371207977278996,3.0934759390943314,0.3736814473351578,2.4188808281735787,1.7888482911358805,1.7615349335016963,1.0805462528073473,0.7345563540006648,2.5455636793776564,0.5561883685498993,-1.148151901037484,-0.07898142727531764,4.474869563320507,LOW,X579,CD8 EGFRt
PEAK,PEAK_3,LOW_X579_CD8 EGFRt,74,74,6017,2,1.64072006424335,-0.22388997448587727,5,1.2652092098805876,1.9821156246406528,1.2619827210150036,0.17821528368993603,0.13882400497359165,0.3117129509217418,1.6495771636800804,2.0037342999092274,0.14293791971393863,1.550030370128423,0.35641867243373493,1.2789836255065117,1.483206116541683,1.065638078589737,0.5026934463711171,0.394036052591174,0.14358796553553504,-1.1648842408013722,-0.01394261104565807,3.099980518219549,LOW,X579,CD8 EGFRt
PEAK,PEAK_3,LOW_X579_CD8 EGFRt,74,74,3013,4,1.2564288326111173,0.1100063346514671,1,2.017001803533799,1.4874348669388742,0.28026756520143264,-0.10473890841231692,0.1672527199968527,0.5424771356786681,2.28079498907079,2.2490177855087965,0.410693076391446,1.315162788210472,0.6306941476164889,1.2285823917534402,0.11144235421512684,1.2041014192130972,0.791580344429976,1.0288568880590572,0.21220333022207183,-0.9684063335937144,0.06525883086460989,2.4663107429243296,LOW,X579,CD8 EGFRt
PEAK,PEAK_3,LOW_X579_CD8 EGFRt,74,74,1104,4,0.19647266944316377,-1.3548246301522286,1,0.24984004651473143,1.8089278324721747,1.2033995246533362,0.2309443620202744,-0.00775143538022636,0.38272600723144823,1.442456059036039,1.5775352383395886,0.1229280297693365,0.7234984952587866,0.7066662870016881,2.1561882500031806,-0.6622609493189474,1.5681020860350114,0.19632224507139956,1.655553553949955,-0.5159413702889859,-0.9880931041111204,-0.06619223882018963,2.536820524298529,LOW,X579,CD8 EGFRt
PEAK,PEAK_3,LOW_X579_CD8 EGFRt,74,74,6513,5,1.5680267163124415,-3.780454603563789,10,2.7485528902336256,3.5499826482060928,2.122249040916815,1.5356697241263606,0.2704047534642692,0.6603681333993101,2.0153983689965353,2.4957933577166704,0.42469941466037103,0.6166346368837086,1.3191542794318425,2.21564871810716,1.2395375092484826,1.5757644789105512,0.34088160198669193,1.3016848611893608,-0.3610421559112882,0.16829294669309505,0.14767488781609409,2.9956180993631385,LOW,X579,CD8 EGFRt
PEAK,PEAK_3,LOW_X579_CD8 EGFRt,74,74,6213,5,0.14840807994273653,-3.049031940828803,1,1.9737259061611132,3.2839941489088833,1.0229223561586769,0.4818947286722219,0.30590336972434196,0.20073405197409971,2.289610588272104,2.571353367511271,0.19568893646636012,0.19077844246235737,0.7586315473112631,1.7698301946388424,-0.1964159675279092,1.5799780504321872,-0.0665393668502708,1.34820568017098,0.5897084567812209,-0.9768215274563568,0.17428901717045447,2.496450753988105,LOW,X579,CD8 EGFRt
PEAK,PEAK_3,LOW_X579_CD8 EGFRt,74,74,2014,5,1.0870689698067044,-3.2696087039818793,4,3.00581305193158,2.167400350041545,0.6568364185728683,1.21894466957446,0.31132896319938125,0.7151880292490389,1.5460919049723083,2.107148556027533,0.2837837047052336,0.2597002203264274,1.6236192671009613,2.174622833035773,0.8021338666012867,1.726442288581697,1.069250469394294,1.7864965778305646,1.3327783486329026,-0.665410997825916,0.04455585491193916,2.651518502600396,LOW,X579,CD8 EGFRt
PEAK,PEAK_3,LOW_X579_CD8 EGFRt,74,74,5414,5,0.40355488141444673,-3.0682992614617377,6,2.1561239910213628,2.624551158086441,1.31317728965475,0.7123828272095339,0.500121215111028,0.06724276391730186,2.1635263123752955,2.4014397824430427,0.2028306485688815,0.2740515811369815,1.3305155702308205,2.193973237347077,0.06013515921800942,1.274603113559764,0.3648705169078612,0.5253205366925382,0.3785195191543827,-0.930073797591244,-0.06090717857165536,3.1539058573757246,LOW,X579,CD8 EGFRt
PEAK,PEAK_3,LOW_X579_CD8 EGFRt,74,74,4115,5,0.8979560085144376,-4.101361481081489,8,3.7492591015518646,3.2304598859929055,1.699805468381689,1.3920349036890505,0.4161062548060535,0.5472483926040704,2.428277063182303,2.56288014004573,0.4839638327007393,0.32586023575339595,1.8258796370473445,2.440594706821148,0.020543406278372,1.514330838410032,2.183627931415837,1.297891465374051,0.8758522030480024,-0.701762939205151,0.2146695251274457,3.193345701749309,LOW,X579,CD8 EGFRt
PEAK,PEAK_3,LOW_X579_CD8 EGFRt,74,74,2813,5,0.99033867796329,-4.203156200777534,8,3.8528096411227057,3.6966970747684016,1.629411194191818,1.7186519746864923,0.7177759891883511,-0.03809667620135739,2.3389383311957492,2.8561948664169905,0.1657937324622306,0.02272472354287569,2.1538662781625484,1.3673764490445224,0.255945234239236,1.6604922667946325,1.9725872392541048,1.185036870754456,0.8705233345295588,-0.9398332409262392,0.6361050837175887,3.1746549916001614,LOW,X579,CD8 EGFRt
PEAK,PEAK_3,LOW_X579_CD8 EGFRt,74,74,3315,5,0.7773391850796079,-3.8002423919549018,4,3.2921783782017293,2.8336622472117505,1.3190865810589767,1.5100742627059265,-0.1154101323782772,0.16680393195033494,2.7956279314284416,2.5822095940365166,0.26791243012159066,0.07168369442111332,0.9534420657938428,2.305569777355249,0.6097990103879654,0.3255998251795209,1.533529538254733,1.7743991751308177,0.42678261157961,-1.0068954065165043,0.04456512686349643,3.3747528044895128,LOW,X579,CD8 EGFRt
PEAK,PEAK_3,LOW_X579_CD8 EGFRt,74,74,3514,5,1.4408199735489224,-3.451269832979682,2,3.1917186499950536,3.253520551237129,1.1552723912540497,1.833175460495925,-0.21261810190465977,0.5732185475093876,1.6610050448893623,1.9835895730833095,0.25618622211206565,0.3180507781875902,0.6885610691914928,2.0752079284151037,1.661933574042474,0.3667506069053625,1.435297784875618,0.8180103431806236,0.04704927489595247,-0.5195474893720635,0.16307638750636544,2.6546389175766567,LOW,X579,CD8 EGFRt
PEAK,PEAK_3,LOW_X579_CD8 EGFRt,74,74,3614,5,0.6747891255226468,-3.9330196060051943,8,3.5816300631849995,3.00341509446934,1.405753753866864,0.7154689260335308,0.2127938892930101,0.05210351997877017,2.422963567128917,2.484623205002984,0.4157363309560988,-0.06582511391285921,0.7230018329071727,2.2459366394777485,0.33742667035144436,1.412671677127285,1.665571410081598,0.5358865593119986,0.46883268852214377,-0.4051326706204781,0.2208210053702669,3.236502999239195,LOW,X579,CD8 EGFRt
PEAK,PEAK_3,LOW_X579_CD8 EGFRt,74,74,6316,5,1.4421226926651334,-3.8462533630242377,10,2.8159473996099,2.8739109050048826,1.0811561102963636,0.9969479699790238,-0.3623266075749352,0.24969196426858456,2.6781984436354573,2.163747814411954,0.6806891576580681,0.07089479114211229,1.5816693277413614,1.929884808902136,1.1450928628189492,1.1288343517556287,1.1905786975118438,1.351296223681791,0.3786093490973044,-0.97104424973811,0.00268057621369485,2.630040051277229,LOW,X579,CD8 EGFRt
PEAK,PEAK_3,LOW_X579_CD8 EGFRt,74,74,4213,5,1.0427619167175626,-4.182329861055854,8,3.7484304299278866,3.8060987976423193,1.9167961051525668,2.1504165492277805,0.22899330157701916,0.2702125387934748,2.107805699297587,2.838025855360363,1.206092486830097,0.47747724023362015,1.697519644575501,1.6285976104667268,0.5214737212050569,1.2103888498797803,1.875187229471896,0.5516056860563087,1.014780760680306,-0.987169588958236,0.04667771947445353,3.096262871986041,LOW,X579,CD8 EGFRt
PEAK,PEAK_3,LOW_X579_CD8 EGFRt,74,74,5714,5,0.9250193186607694,-3.5717961467614203,1,2.3216095481882233,3.222562974144949,0.16895007861481662,1.2585449874370256,0.28855766813140105,-0.04612103733615788,1.9932121362133175,2.1904657548338657,0.2015294927359573,0.2910409749039641,1.0260128804127882,2.1369874464113825,0.6205432451855781,0.8712217928824932,1.1712422767571429,2.2768689172295247,0.9338979724808104,-1.2185051342218165,-0.14562864852958848,3.4661088211975706,LOW,X579,CD8 EGFRt
PEAK,PEAK_3,LOW_X579_CD8 EGFRt,74,74,6103,5,1.2566689201202723,-3.6768843807091742,4,2.066231759084827,3.369707698306523,1.7305071555295233,1.8638435888873568,0.5244158701136599,-0.23936433317876257,2.3011386589377048,2.572577440501051,0.38714278326252466,1.1995423199241049,2.278823596915202,2.8746158130269936,0.910639973159568,1.004374513741261,0.862389425050907,2.255861829030609,0.6890392487158797,-0.9211142530288012,0.00752789969056018,3.482692398605056,LOW,X579,CD8 EGFRt
PEAK,PEAK_3,LOW_X579_CD8 EGFRt,74,74,5113,5,0.8789318152275418,-2.644765583406928,3,2.913773894739882,3.7031031685581888,1.9358481964517744,1.703977804864606,0.5758882586919966,0.376123511133533,2.100724970636818,2.7818656080875623,0.4779455284702648,2.223620702605689,1.171361902302258,2.2379101632965033,0.23516717428634215,1.5813427431204476,0.48345607277535,1.3688581499633248,0.33296316694744144,-0.7910071042848148,-0.13511796610662305,3.084236021024395,LOW,X579,CD8 EGFRt
PEAK,PEAK_3,LOW_X579_CD8 EGFRt,74,74,4914,5,0.8732917555179929,-3.7125267661919623,10,2.6122960068259253,3.561688083915704,1.4081035487168885,1.4785799900572802,0.8074495411518048,-0.13845188496564212,1.8377062021063264,2.407949522256578,0.21709510754813088,0.470437225680301,1.4478821135749345,2.271625882082742,0.9335948228848824,1.0718187371463488,0.6214340677177463,1.3834379966811818,0.5272593376611532,-0.9432471288522866,-0.02904450405080675,2.91793205893592,LOW,X579,CD8 EGFRt
PEAK,PEAK_3,LOW_X579_CD8 EGFRt,74,74,3114,5,0.7788221486416196,-4.051398483644966,8,3.099058175153524,3.115990481401582,1.5688887241453675,1.4121893942525896,0.4674722727679885,0.20275928574499377,1.8252576534199207,2.6175511855409472,0.6905080498482219,0.28001215392865336,1.7471149119344458,2.594256238259025,-0.15311523712768832,1.78469689989933,1.98319997974623,0.9076340091925268,0.3784694953878375,-0.6382091762427139,-0.04794823922161277,2.7020553892698236,LOW,X579,CD8 EGFRt
PEAK,PEAK_3,LOW_X579_CD8 EGFRt,74,74,7013,5,1.04169845064548,-4.147299019228462,8,3.539885181295863,3.505338291280347,1.9293956237821936,1.51213293574982,0.3472912136574353,0.0887935000231448,2.3319302346307245,2.823280015517932,0.23033319593434745,0.1119294508286224,1.898496199407475,1.1204090172016463,0.5953417748294922,0.996871781254712,1.937903043844188,1.498614284755709,0.7591475314229615,-0.7880523758161199,0.20631658611854667,2.4681377938392135,LOW,X579,CD8 EGFRt
PEAK,PEAK_3,LOW_X579_CD8 EGFRt,74,74,1916,5,0.2317871995773648,-2.9650268234124213,11,2.345168812995571,3.564814759045371,1.3544717346326929,1.3325082925073186,0.30309794616734476,0.1535778204343547,1.4722011201836698,2.564704275701446,0.21164073922276255,0.3590592554297694,0.3921885865122221,1.992014604677765,0.3487133225332808,1.5297964509820088,-0.9952190193842864,1.4932011913564385,0.3973145304091976,-0.772919674717082,-0.05794106658500853,3.0791952149055852,LOW,X579,CD8 EGFRt
PEAK,PEAK_3,LOW_X579_CD8 EGFRt,74,74,4314,5,1.0645596929397916,-4.213680473696235,8,3.4320158019304357,3.819579047567215,2.086432896252581,1.704488949484676,0.4482985989650707,-0.44539228853502527,3.137643490539249,2.767097542217539,0.38880250923105714,0.38204373086923055,1.7801343671089294,2.2608667334996566,0.4620878918244682,1.559093470466465,1.8308702512518664,2.0003816810485464,0.5750178426765579,-1.1998513061063825,0.2116375904015252,3.272022184950597,LOW,X579,CD8 EGFRt
PEAK,PEAK_3,LOW_X579_CD8 EGFRt,74,74,5015,5,0.5630329870190953,-3.8525933898797065,8,3.0546841234770845,3.5457664452723696,1.700375564716677,0.5360606292060361,0.9474025897721297,0.02665089582525077,2.2010397216291775,2.735441119306562,0.3908976191654654,0.26003100890057834,1.5739913215909491,1.392698214821174,-0.16087650404130197,1.3922588315708242,1.5944774277040568,1.257491390426845,0.2638885514843561,-0.37710945893232806,0.15888419976520332,3.1365376298056113,LOW,X579,CD8 EGFRt
PEAK,PEAK_3,LOW_X579_CD8 EGFRt,74,74,7214,7,2.2216584034767486,-4.170837608706001,1,3.4125783700160404,3.287645999345832,1.6107342509041715,1.3861538279357977,0.18001687269869146,0.6107742296977686,2.5335667839170304,2.722135252966145,0.4313015551743154,1.256244683791153,1.786377870595513,1.6448178511136171,1.4512697254268,1.8200013592983788,1.6849432460897271,1.7145525564934396,0.85995173642248,-1.0952241584536042,0.20936211047925987,3.279816808190076,LOW,X579,CD8 EGFRt
PEAK,PEAK_3,LOW_X579_CD8 EGFRt,74,74,6815,7,1.3178451009598111,-2.2898311294426947,6,2.579520917098906,3.3288468437193743,0.5655843284671364,1.3547274223579573,0.55950403596742,0.7984524920172761,1.8358858426533804,2.3917628894049807,0.4038143820146187,1.4047280363781975,1.1947327914517702,1.9686526173705976,0.9681530489581838,1.9520552494126484,0.1975078184364759,1.2214786635100898,0.7001034570736463,-0.9018051577988504,0.06508891902706539,2.2611414651584396,LOW,X579,CD8 EGFRt
PEAK,PEAK_3,LOW_X579_CD8 EGFRt,74,74,5213,7,2.2949483939018585,-4.264245239626411,1,3.673113408726006,3.180190121702295,1.8345924635910744,1.331386582100445,0.3292318834151693,0.28498295032327703,2.2111709278571547,2.610778086252187,0.4524636372955144,0.2485003451108062,1.9021426698554709,1.6346004061455377,2.0659097054750495,1.0487022579344722,2.080215109778216,1.07103188032452,0.8753081733130469,-0.8319075521587911,-0.09929502778884149,2.544251773289473,LOW,X579,CD8 EGFRt
PEAK,PEAK_3,LOW_X579_CD8 EGFRt,74,74,1314,7,2.498129183849368,-0.8166403449883491,2,1.918764622352514,3.2819027093347732,1.5860879251752542,1.3113819344128883,0.3937395863095392,0.20533015375837732,2.6271995192131015,2.2071027177858142,1.002399199807003,3.619328213815528,1.531773947090571,2.2367042528229737,0.9619894623760364,0.4426639582718764,0.2233916301371554,0.8606469086201551,0.1280359104068068,-1.7962951993982472,-0.0812977152359432,3.3752748143639892,LOW,X579,CD8 EGFRt
PEAK,PEAK_3,LOW_X579_CD8 EGFRt,74,74,3417,8,4.059716636737857,-0.725921181570533,8,2.209070894222859,0.10952479437019502,0.5441125386377591,0.1879389193991132,-0.2251941970919069,0.5348141445991358,1.781253967550204,2.241196585473319,0.29378398986298226,0.24961708025910057,1.3914724597990449,1.7182948850314352,1.9375045270467848,-0.01034224987483189,1.4407420431168283,0.7714629200519785,0.6768755471078407,-0.8609715369702202,0.3419676474197157,3.434084322066438,LOW,X579,CD8 EGFRt
PEAK,PEAK_3,LOW_X579_CD8 EGFRt,74,74,3713,8,3.811329061588321,-0.30310475600862813,4,2.0233449027898893,0.31335869350776846,1.062094730573613,0.2871004760566906,0.3708512750944723,0.8250769092826189,2.4251382499254537,2.003439495091715,0.3086253432036125,0.12920403026257649,1.5553328872345498,2.044923631166281,-0.01432486179581162,0.3092642559934312,1.6244740351326754,1.8821183900038616,0.454570150942949,-1.082043319881392,0.5835594819033552,3.63917332038124,LOW,X579,CD8 EGFRt
PEAK,PEAK_3,LOW_X579_CD8 EGFRt,74,74,2613,8,5.0959939308967925,-0.8970176853051216,7,1.4007658570418688,0.3223691908386347,0.9926870584557976,-0.3168840888530354,0.27254453449714566,1.5206615266883323,2.344957544494439,2.4830999765920367,0.35560253303657546,0.3718592861402671,2.1055086368572686,1.9954611796899016,1.5640505610788331,0.38269013308712047,1.2400969355623348,1.861157066427685,1.629193945015638,-0.35001796042285066,0.1282874580225623,3.478888103383609,LOW,X579,CD8 EGFRt
PEAK,PEAK_3,LOW_X579_CD8 EGFRt,74,74,5314,8,3.5807251282539703,0.00201617406701733,4,1.6297599091927495,0.00673921919754587,0.8461604453198538,-0.3217091563161635,0.11234754732661376,0.7800495807874699,1.5743128440570655,1.8208776393488333,0.29683429977347253,0.8446528813793267,0.27136628857089723,1.5589775285152172,0.8148891790644799,0.3302093735736774,0.6477392829964228,0.9810935674441515,0.4530004871633817,-0.7391616451209942,0.23268704944670487,2.9390576231298295,LOW,X579,CD8 EGFRt
PEAK,PEAK_3,LOW_X579_CD8 EGFRt,74,74,2915,8,3.2699114628639556,-0.18629508985185933,4,2.031912372351476,0.7973788823496242,0.7659116377862527,0.1923306336053204,-0.35518834382822323,0.3611997375339194,2.2109947586777743,2.441735375228539,0.2067510381087255,3.172871385407005,0.446437480388331,2.4919099667355153,1.2131807590936456,-0.3566613680226041,1.0231217588396715,0.6981690370827771,0.5281321595006335,-1.6147494792930484,0.46214811825600954,3.618855416813411,LOW,X579,CD8 EGFRt
PEAK,PEAK_3,LOW_X579_CD8 EGFRt,74,74,4616,9,3.8466076203194,-2.520528046022895,3,2.303639622050424,1.8434560216036209,0.8061297057422241,0.7281251457913708,-0.21132451860598175,0.8389819915337077,1.960993544637546,1.9893739773718604,0.21195409876984644,0.15177417595695367,1.2706016823002322,1.6618611244751076,1.635404025588005,0.7255944908013663,1.364476294348376,1.0631241244945782,1.1834905733635377,-0.8430206129562062,-0.14558205469581983,2.630958119799926,LOW,X579,CD8 EGFRt
PEAK,PEAK_3,LOW_X579_CD8 EGFRt,74,74,2714,9,3.524940664371524,-2.980390993486884,5,1.7724224979219674,2.188041419956821,0.3273520995808837,1.238930953326891,-0.4459228591612612,1.2445851808780255,1.967470211909094,2.2570046949761156,0.2787572504537085,0.32644471670723574,1.0886922778525197,2.197709766409102,2.24904920292593,1.2781231451661208,1.2757374966856372,2.5647531757617377,0.8649460142281009,-1.1412856624739107,-0.16318603974841744,2.9186505536195795,LOW,X579,CD8 EGFRt
PEAK,PEAK_3,LOW_X579_CD8 EGFRt,74,74,4105,9,3.0334045239296294,-3.8978504814019233,10,2.2314257686918983,3.400841832510509,1.7001304734959652,1.8384294158790688,0.2470865939514221,-0.1533739578172878,2.817344228148623,2.790474773554227,0.30250627078183034,0.3049152852371614,1.9600593604964012,1.819827660686445,1.990053797400725,1.038848395930316,1.3000467652137084,0.43448489109776456,0.3645334706154959,-1.1659381488122025,0.00577988791955886,2.748886013927605,LOW,X579,CD8 EGFRt
PEAK,PEAK_3,LOW_X579_CD8 EGFRt,74,74,6913,9,1.9739606924858424,-4.049726930986885,2,2.8186256361817357,3.1162224952358235,1.6970580800031496,1.1714809235298562,-0.01388375882418266,0.2838494198720254,2.4232848021745905,2.5766619483771227,0.22596894647610505,-0.00187242414418007,2.3520864816937026,2.2518593101633373,1.449150979234317,1.159092010346447,1.607119101742859,1.4887724111166096,0.12453143783075372,-0.491398149945363,-0.1771257296374933,2.736950474573577,LOW,X579,CD8 EGFRt
PEAK,PEAK_3,LOW_X579_CD8 EGFRt,74,74,1214,9,4.007852966388736,-2.579029528032782,3,2.2960079172139034,1.2416573658918597,1.1162389545033735,0.32255058828717165,0.14274742766223605,0.5139397202155364,2.2341541780167833,2.534600764964048,0.2931696844237684,0.05933157264435101,0.9062627965616072,1.537138182494533,2.100483699855766,0.3544636565376608,1.3842078831962494,1.2708599170918722,1.5058861620945292,-0.5993146800219297,0.10565316040144183,2.878570529368614,LOW,X579,CD8 EGFRt
PEAK,PEAK_3,LOW_X579_CD8 EGFRt,74,74,6713,10,0.7352675892916058,3.4172640167365045,3,1.464916146704683,0.6963169637261182,-0.04656716383925088,0.393776561509672,0.2120788230590714,0.5615432541279713,1.854702701527471,1.532921889130083,2.276931383768962,1.567277743036637,0.6253755617626926,1.9460466830757004,0.6887976711392723,1.2340725100213303,0.6826857299031059,0.898339023205386,0.1060315018626866,-0.7527869136792869,-0.06444933088004706,2.6031658986282773,LOW,X579,CD8 EGFRt
